City_ID,City,Country,Date,Lat,Lng,Max Temp,Humidity,Cloudiness,Wind Speed
0,Oranjemund,NA,2022-02-10 01:42:16,-28.55,16.4333,63.34,90,3,7.18
1,Bredasdorp,ZA,2022-02-10 01:40:28,-34.5322,20.0403,65.52,82,100,4.61
2,Komyshnya,UA,2022-02-10 01:43:55,50.1859,33.684,31.93,87,100,9.93
3,Hithadhoo,MV,2022-02-10 01:40:05,-0.6,73.0833,81.73,74,14,11.86
4,Sabang,ID,2022-02-10 01:40:35,5.8933,95.3214,81.12,75,100,11.16
5,Faanui,PF,2022-02-10 01:40:52,-16.4833,-151.75,81.27,75,89,12.59
6,Ucluelet,CA,2022-02-10 01:40:47,48.9329,-125.5528,47.08,93,100,3.67
7,Punta Arenas,CL,2022-02-10 01:40:09,-53.15,-70.9167,46.51,57,40,21.85
8,Barrow,US,2022-02-10 01:40:42,71.2906,-156.7887,-20.18,69,100,12.66
9,Busselton,AU,2022-02-10 01:35:53,-33.65,115.3333,78.04,41,5,6.89
10,Carnarvon,AU,2022-02-10 01:40:34,-24.8667,113.6333,84.27,54,0,10.36
11,Senanga,ZM,2022-02-10 01:43:56,-16.1167,23.2667,66.45,93,100,3.4
12,Rikitea,PF,2022-02-10 01:40:05,-23.1203,-134.9692,79.07,72,50,16.42
13,Mataura,NZ,2022-02-10 01:40:06,-46.1927,168.8643,81.05,34,23,6.13
14,Aginskoye,RU,2022-02-10 01:43:56,51.1,114.53,2.05,93,96,3.62
15,Paamiut,GL,2022-02-10 01:43:57,61.994,-49.6678,21.7,78,100,19.04
16,Buraydah,SA,2022-02-10 01:43:57,26.326,43.975,57.65,32,0,11.88
17,Puerto Carreno,CO,2022-02-10 01:43:58,6.189,-67.4859,78.82,81,85,3.96
18,Srednekolymsk,RU,2022-02-10 01:34:34,67.45,153.6833,-32.98,96,61,6.67
19,Tallahassee,US,2022-02-10 01:39:00,30.4383,-84.2807,52.65,73,0,0.0
20,Hurghada,EG,2022-02-10 01:43:58,27.2574,33.8129,55.06,48,0,23.53
21,Tambura,SS,2022-02-10 01:43:58,5.6,27.4667,71.49,27,95,3.62
22,Kapaa,US,2022-02-10 01:40:12,22.0752,-159.319,79.12,68,75,9.22
23,Hermanus,ZA,2022-02-10 01:40:08,-34.4187,19.2345,66.9,87,99,7.05
24,Mar Del Plata,AR,2022-02-10 01:40:12,-38.0023,-57.5575,68.88,78,0,18.01
25,Nikolskoye,RU,2022-02-10 01:40:11,59.7035,30.7861,35.87,98,100,10.83
26,Ushuaia,AR,2022-02-10 01:39:10,-54.8,-68.3,47.86,46,40,20.71
27,Narsaq,GL,2022-02-10 01:41:08,60.9167,-46.05,16.02,70,98,9.66
28,Itoman,JP,2022-02-10 01:43:59,26.1247,127.6694,66.58,77,75,19.57
29,Albany,US,2022-02-10 01:36:02,42.6001,-73.9662,41.81,67,100,4.25
30,Taunsa,PK,2022-02-10 01:43:59,30.7048,70.6505,52.11,58,0,0.72
31,Antalaha,MG,2022-02-10 01:44:00,-14.9003,50.2788,74.71,92,70,4.29
32,Hofn,IS,2022-02-10 01:44:00,64.2539,-15.2082,21.18,72,43,17.49
33,Zhezkazgan,KZ,2022-02-10 01:44:00,47.8043,67.7144,22.98,93,100,6.71
34,Hobart,AU,2022-02-10 01:35:09,-42.8794,147.3294,71.46,45,75,16.11
35,Upernavik,GL,2022-02-10 01:39:59,72.7868,-56.1549,-13.74,80,100,11.61
36,Constitucion,CL,2022-02-10 01:41:48,-35.3333,-72.4167,58.46,86,2,6.85
37,Victoria,HK,2022-02-10 01:39:14,22.2855,114.1577,65.95,84,97,1.99
38,Lebu,CL,2022-02-10 01:40:06,-37.6167,-73.65,59.86,83,38,21.14
39,Port Alfred,ZA,2022-02-10 01:40:43,-33.5906,26.891,64.9,84,1,9.08
40,Faya,SA,2022-02-10 01:44:01,18.3851,42.4509,55.92,79,5,3.02
41,Thompson,CA,2022-02-10 01:37:17,55.7435,-97.8558,-0.24,65,100,2.3
42,Norman Wells,CA,2022-02-10 01:35:37,65.282,-126.8329,-7.56,71,100,3.44
43,Husavik,IS,2022-02-10 01:34:35,66.0449,-17.3389,6.71,72,71,7.2
44,Muli,MV,2022-02-10 01:44:02,2.9167,73.5667,81.0,76,65,9.22
45,Iqaluit,CA,2022-02-10 01:37:23,63.7506,-68.5145,-25.31,67,40,6.91
46,Kahuta,PK,2022-02-10 01:44:02,33.5913,73.3868,44.85,60,0,5.3
47,Lillooet,CA,2022-02-10 01:44:02,50.6856,-121.942,52.52,97,80,5.3
48,Santiago,CL,2022-02-10 01:40:19,-33.4569,-70.6483,73.85,49,0,14.97
49,Zyryanka,RU,2022-02-10 01:39:35,65.75,150.85,-27.2,89,68,4.59
50,Yellowknife,CA,2022-02-10 01:36:02,62.456,-114.3525,-7.58,87,100,17.27
51,Payson,US,2022-02-10 01:44:03,40.0444,-111.7321,44.35,48,40,13.8
52,Vao,NC,2022-02-10 01:41:20,-22.6667,167.4833,81.05,86,100,30.62
53,New Norfolk,AU,2022-02-10 01:40:02,-42.7826,147.0587,71.74,33,10,9.31
54,Tiksi,RU,2022-02-10 01:40:47,71.6872,128.8694,-12.91,93,100,12.59
55,Sitka,US,2022-02-10 01:40:30,57.0531,-135.33,42.69,87,100,19.57
56,Saint George,US,2022-02-10 01:36:58,37.1041,-113.5841,63.19,22,0,23.02
57,Lethem,GY,2022-02-10 01:44:04,3.3803,-59.7968,83.1,50,73,9.55
58,Puerto Ayora,EC,2022-02-10 01:41:03,-0.7393,-90.3518,73.49,83,96,5.68
59,Novoaleksandrovsk,RU,2022-02-10 01:44:04,45.4948,41.2207,31.53,85,7,9.31
60,Jamestown,US,2022-02-10 01:38:01,42.097,-79.2353,45.72,37,0,11.5
61,Dunda,TZ,2022-02-10 01:44:04,-8.1167,34.25,64.58,97,100,0.87
62,Saint-Philippe,RE,2022-02-10 01:40:10,-21.3585,55.7679,74.79,79,51,2.59
63,Nurota,UZ,2022-02-10 01:44:05,40.5614,65.6886,35.69,40,0,6.17
64,Bilma,NE,2022-02-10 01:41:43,18.6853,12.9164,58.41,32,0,12.93
65,Mount Isa,AU,2022-02-10 01:39:33,-20.7333,139.5,92.97,46,55,8.05
66,Cape Town,ZA,2022-02-10 01:36:42,-33.9258,18.4232,68.88,87,75,6.91
67,Hobyo,SO,2022-02-10 01:41:25,5.3505,48.5268,75.83,72,100,20.58
68,Avarua,CK,2022-02-10 01:40:44,-21.2078,-159.775,80.65,83,100,16.11
69,Saint-Joseph,RE,2022-02-10 01:44:05,-21.3667,55.6167,71.98,80,47,3.06
70,Hasaki,JP,2022-02-10 01:42:10,35.7333,140.8333,39.6,81,100,15.86
71,Fort Nelson,CA,2022-02-10 01:37:08,58.8053,-122.7002,9.99,85,75,5.75
72,Moroto,UG,2022-02-10 01:44:06,2.5345,34.6666,68.36,36,74,3.29
73,Qaanaaq,GL,2022-02-10 01:40:49,77.484,-69.3632,-20.78,66,96,7.27
74,Aswan,EG,2022-02-10 01:44:06,24.0934,32.907,54.03,43,0,15.37
75,Goderich,CA,2022-02-10 01:42:17,43.7501,-81.7165,37.2,80,100,11.5
76,Najran,SA,2022-02-10 01:44:07,17.4924,44.1277,52.45,34,1,1.59
77,Cefalu,IT,2022-02-10 01:44:07,38.0386,14.0229,51.55,79,0,3.0
78,Salamiyah,SY,2022-02-10 01:44:07,35.0113,37.0532,44.1,84,100,12.37
79,Khatanga,RU,2022-02-10 01:40:37,71.9667,102.5,-3.98,94,78,14.14
80,Jumla,NP,2022-02-10 01:39:34,29.2747,82.1838,19.17,76,2,7.09
81,Bluff,NZ,2022-02-10 01:40:07,-46.6,168.3333,63.25,89,55,12.66
82,Labuhan,ID,2022-02-10 01:42:24,-6.8844,112.2051,81.59,76,100,9.46
83,Cockburn Town,TC,2022-02-10 01:42:55,21.4612,-71.1419,77.92,74,0,19.64
84,Provideniya,RU,2022-02-10 01:40:06,64.3833,-173.3,-3.89,59,0,17.9
85,Geraldton,AU,2022-02-10 01:40:35,-28.7667,114.6,82.81,34,0,5.75
86,Christchurch,NZ,2022-02-10 01:42:17,-43.5333,172.6333,78.03,81,20,4.61
87,Castro,BR,2022-02-10 01:40:30,-24.7911,-50.0119,59.0,98,16,6.04
88,Hilo,US,2022-02-10 01:40:43,19.7297,-155.09,76.24,84,35,4.0
89,Ribeira Grande,PT,2022-02-10 01:41:07,38.5167,-28.7,59.34,71,2,15.61
90,Pevek,RU,2022-02-10 01:41:36,69.7008,170.3133,-31.11,99,98,4.99
91,Waipawa,NZ,2022-02-10 01:44:08,-41.4122,175.5153,71.46,61,100,8.01
92,Dikson,RU,2022-02-10 01:40:42,73.5069,80.5464,5.31,94,100,20.87
93,Petropavlovsk-Kamchatskiy,RU,2022-02-10 01:44:09,53.0452,158.6483,23.59,74,75,2.24
94,Avera,US,2022-02-10 01:44:09,33.194,-82.5271,50.72,55,0,6.71
95,Rauma,FI,2022-02-10 01:44:09,61.1272,21.5113,33.84,80,6,13.44
96,Lata,PT,2022-02-10 01:41:27,40.1629,-8.3327,46.06,69,64,3.44
97,Kodiak,US,2022-02-10 01:40:43,57.79,-152.4072,18.91,45,0,20.71
98,Nosy Varika,MG,2022-02-10 01:44:10,-20.5833,48.5333,75.16,92,51,3.31
99,Salcininkai,LT,2022-02-10 01:44:10,54.3,25.3833,37.49,82,99,17.29
100,East London,ZA,2022-02-10 01:40:04,-33.0153,27.9116,67.59,77,0,6.02
101,Guerrero Negro,MX,2022-02-10 01:41:24,27.9769,-114.0611,63.77,55,0,9.19
102,Sakleshpur,IN,2022-02-10 01:44:10,12.9667,75.7833,60.1,76,6,4.12
103,Mehamn,NO,2022-02-10 01:42:40,71.0357,27.8492,17.31,90,45,9.19
104,Ust-Kulom,RU,2022-02-10 01:44:11,61.6864,53.6902,20.16,93,100,9.4
105,Port Elizabeth,ZA,2022-02-10 01:41:05,-33.918,25.5701,64.69,82,0,6.91
106,Mahebourg,MU,2022-02-10 01:40:50,-20.4081,57.7,73.26,76,91,5.32
107,El Cobre,CU,2022-02-10 01:44:11,20.0489,-75.9469,76.44,78,20,2.3
108,Dawlatabad,AF,2022-02-10 01:44:12,36.4141,64.9053,42.66,40,0,3.83
109,Whitecourt,CA,2022-02-10 01:44:12,54.1502,-115.6855,47.44,71,100,9.22
110,Ancud,CL,2022-02-10 01:44:12,-41.8697,-73.8203,54.93,73,90,9.22
111,Snezhnogorsk,RU,2022-02-10 01:44:13,69.1933,33.2531,24.58,97,95,10.63
112,Kutum,SD,2022-02-10 01:44:13,14.2,24.6667,53.69,21,0,6.55
113,Denpasar,ID,2022-02-10 01:41:42,-8.65,115.2167,80.26,88,40,4.61
114,Sorso,IT,2022-02-10 01:44:13,40.8,8.5772,47.59,69,0,4.43
115,Puerto El Triunfo,SV,2022-02-10 01:44:13,13.2833,-88.55,83.32,61,69,8.1
116,Byron Bay,AU,2022-02-10 01:44:14,-28.65,153.6167,82.71,54,0,8.7
117,Katsuura,JP,2022-02-10 01:39:38,35.1333,140.3,42.82,83,100,19.46
118,Ofaqim,IL,2022-02-10 01:44:14,31.3141,34.6203,46.74,71,56,20.4
119,Atambua,ID,2022-02-10 01:44:14,-9.1061,124.8925,80.74,79,78,4.14
120,Sao Filipe,CV,2022-02-10 01:41:20,14.8961,-24.4956,76.96,55,98,5.86
121,Manta,EC,2022-02-10 01:41:28,-0.95,-80.7333,76.78,83,75,5.75
122,Te Anau,NZ,2022-02-10 01:41:55,-45.4167,167.7167,74.39,41,0,7.92
123,Airai,TL,2022-02-10 01:40:32,-8.9266,125.4092,71.37,76,80,0.92
124,Chuy,UY,2022-02-10 01:40:38,-33.6971,-53.4616,65.37,77,0,8.5
125,Vaini,TO,2022-02-10 01:40:46,-21.2,-175.2,86.16,89,40,10.36
126,Boldumsaz,TM,2022-02-10 01:44:15,42.1282,59.671,28.45,68,48,10.92
127,Honningsvag,NO,2022-02-10 01:40:57,70.9821,25.9704,27.75,77,99,24.74
128,Alofi,NU,2022-02-10 01:41:23,-19.0595,-169.9187,85.89,70,30,8.05
129,Valley City,US,2022-02-10 01:44:16,46.9233,-98.0032,23.99,86,100,11.5
130,Kamenka,RU,2022-02-10 01:41:02,51.3223,42.7678,13.06,94,56,7.23
131,Pallasovka,RU,2022-02-10 01:35:39,50.05,46.8833,32.72,99,100,11.12
132,Neuquen,AR,2022-02-10 01:43:00,-38.9516,-68.0591,78.69,36,20,4.61
133,Honiara,SB,2022-02-10 01:41:16,-9.4333,159.95,84.88,76,48,9.51
134,Anito,PH,2022-02-10 01:44:16,12.4497,125.2886,81.37,70,100,12.68
135,Fortuna,US,2022-02-10 01:40:32,40.5982,-124.1573,66.85,67,0,0.0
136,Mae Hong Son,TH,2022-02-10 01:44:17,19.3003,97.9685,55.54,94,20,0.0
137,Tuktoyaktuk,CA,2022-02-10 01:41:32,69.4541,-133.0374,-20.2,69,75,14.97
138,Bethel,US,2022-02-10 01:40:48,41.3712,-73.414,36.93,79,64,3.27
139,Adwa,ET,2022-02-10 01:44:17,14.1646,38.8955,60.12,63,4,0.81
140,Langsa,ID,2022-02-10 01:43:54,4.4683,97.9683,73.26,96,100,3.02
141,Rio Gallegos,AR,2022-02-10 01:42:09,-51.6226,-69.2181,53.65,30,0,14.97
142,Beisfjord,NO,2022-02-10 01:44:17,68.3751,17.5988,28.96,80,100,9.17
143,Los Llanos De Aridane,ES,2022-02-10 01:44:18,28.6585,-17.9182,69.12,44,0,6.91
144,Kirakira,SB,2022-02-10 01:44:18,-10.4544,161.9205,83.17,79,100,11.25
145,Ponta Do Sol,PT,2022-02-10 01:41:27,32.6667,-17.1,67.12,34,100,3.8
146,Torbay,CA,2022-02-10 01:40:30,47.6666,-52.7314,34.57,92,75,13.8
147,Rondonopolis,BR,2022-02-10 01:43:27,-16.4708,-54.6356,69.94,96,97,3.15
148,Tuatapere,NZ,2022-02-10 01:42:05,-46.1333,167.6833,74.64,50,20,3.06
149,Saint-Pierre,RE,2022-02-10 01:44:19,-21.3393,55.4781,73.08,68,40,6.91
150,Cidreira,BR,2022-02-10 01:41:16,-30.1811,-50.2056,72.28,70,98,14.27
151,Vila Franca Do Campo,PT,2022-02-10 01:42:11,37.7167,-25.4333,58.19,79,30,9.1
152,Chauk,MM,2022-02-10 01:44:19,20.8833,94.8167,68.22,40,1,7.31
153,Esperance,AU,2022-02-10 01:40:39,-33.8667,121.9,75.04,54,4,9.28
154,Atuona,PF,2022-02-10 01:39:59,-9.8,-139.0333,78.55,76,10,17.49
155,Kutina,HR,2022-02-10 01:44:19,45.475,16.7819,28.38,87,0,1.61
156,Pathein,MM,2022-02-10 01:44:20,16.7833,94.7333,70.84,33,6,5.93
157,Shingu,JP,2022-02-10 01:44:20,33.7333,135.9833,49.19,81,100,6.91
158,Salinas,US,2022-02-10 01:41:10,36.6777,-121.6555,73.76,54,0,0.0
159,Arraial Do Cabo,BR,2022-02-10 01:35:55,-22.9661,-42.0278,70.5,88,93,9.01
160,Biak,ID,2022-02-10 01:44:21,-0.9131,122.8766,82.31,72,100,1.34
161,Jurm,AF,2022-02-10 01:44:21,36.8648,70.8342,28.45,64,100,5.28
162,Chivay,PE,2022-02-10 01:44:21,-15.6383,-71.6011,48.0,63,100,3.58
163,Kruisfontein,ZA,2022-02-10 01:41:43,-34.0033,24.7314,61.3,76,0,5.93
164,Daru,PG,2022-02-10 01:44:21,-9.0763,143.2092,84.47,72,99,6.85
165,Katherine,AU,2022-02-10 01:40:07,-14.4667,132.2667,88.12,58,40,6.91
166,Bilibino,RU,2022-02-10 01:42:36,68.0546,166.4372,-31.34,100,80,1.68
167,Santa Vitoria Do Palmar,BR,2022-02-10 01:44:22,-33.5189,-53.3681,65.84,76,0,9.04
168,Ekhabi,RU,2022-02-10 01:41:58,53.5102,142.9671,16.2,94,100,12.97
169,Homer,US,2022-02-10 01:44:22,59.6425,-151.5483,15.08,83,100,29.93
170,Polewali,ID,2022-02-10 01:44:23,-3.4324,119.3435,76.55,93,100,3.29
171,Butaritari,KI,2022-02-10 01:40:55,3.0707,172.7902,81.79,77,100,15.26
172,Brae,GB,2022-02-10 01:40:52,60.3964,-1.353,35.51,78,96,19.86
173,Durazno,UY,2022-02-10 01:44:23,-33.4131,-56.5006,64.45,58,0,9.19
174,General Jose Eduvigis Diaz,PY,2022-02-10 01:44:23,-27.1667,-58.4167,80.64,32,0,6.31
175,Varhaug,NO,2022-02-10 01:44:24,58.6147,5.6457,41.9,72,100,21.74
176,Nyurba,RU,2022-02-10 01:44:24,63.2842,118.3319,-26.81,99,99,1.43
177,Shenjiamen,CN,2022-02-10 01:42:06,29.9576,122.298,44.11,79,100,12.48
178,San Cristobal,VE,2022-02-10 01:44:24,7.7669,-72.225,73.58,92,95,1.66
179,Carupano,VE,2022-02-10 01:44:25,10.6678,-63.2585,74.55,87,8,9.01
180,Deputatskiy,RU,2022-02-10 01:40:38,69.3,139.9,-24.92,85,81,6.42
181,Port Blair,IN,2022-02-10 01:37:26,11.6667,92.75,78.84,78,20,9.22
182,Nantucket,US,2022-02-10 01:40:57,41.2835,-70.0995,36.14,83,0,10.09
183,Soe,ID,2022-02-10 01:44:25,-9.8607,124.284,78.64,68,99,2.73
184,Wasilla,US,2022-02-10 01:43:25,61.5814,-149.4394,20.75,80,100,19.57
185,Caravelas,BR,2022-02-10 01:41:49,-17.7125,-39.2481,76.5,89,80,5.46
186,Chicama,PE,2022-02-10 01:42:28,-7.8447,-79.1469,66.74,69,81,4.07
187,Saldanha,ZA,2022-02-10 01:40:40,-33.0117,17.9442,62.65,93,38,3.06
188,Lagoa,PT,2022-02-10 01:44:26,39.05,-27.9833,58.59,68,1,15.59
189,Manggar,ID,2022-02-10 01:44:26,-2.8833,108.2667,78.89,84,100,11.88
190,Dakar,SN,2022-02-10 01:40:55,14.6937,-17.4441,76.08,53,85,13.51
191,Xai-Xai,MZ,2022-02-10 01:44:26,-25.0519,33.6442,69.78,91,0,2.24
192,Natal,BR,2022-02-10 01:44:20,-5.795,-35.2094,81.25,78,20,5.75
193,Auki,SB,2022-02-10 01:44:27,-8.7676,160.7034,82.09,82,99,10.16
194,Ustupo,PA,2022-02-10 01:44:27,9.1333,-77.9333,78.15,88,100,9.4
195,Waitati,NZ,2022-02-10 01:44:27,-45.75,170.5667,71.4,74,74,2.8
196,Coquimbo,CL,2022-02-10 01:40:49,-29.9533,-71.3436,64.13,88,100,8.05
197,Cabo San Lucas,MX,2022-02-10 01:41:38,22.8909,-109.9124,72.7,52,65,7.36
198,Vila,PT,2022-02-10 01:44:28,42.0304,-8.1588,42.33,71,84,3.49
199,Palmas,BR,2022-02-10 01:43:41,-10.2128,-48.3603,73.27,94,100,2.3
200,Muros,ES,2022-02-10 01:41:08,42.7762,-9.0603,53.24,94,23,6.55
201,Georgetown,MY,2022-02-10 01:38:44,5.4112,100.3354,80.53,90,40,1.14
202,Mineiros,BR,2022-02-10 01:43:10,-17.5694,-52.5511,68.38,91,100,2.84
203,Luba,GQ,2022-02-10 01:44:28,3.4568,8.5547,78.69,81,46,4.85
204,Chudniv,UA,2022-02-10 01:44:29,50.052,28.1175,37.71,97,100,15.05
205,Vestmanna,FO,2022-02-10 01:44:29,62.1564,-7.1664,31.12,74,100,16.11
206,Murfreesboro,US,2022-02-10 01:39:54,35.8456,-86.3903,51.8,51,20,0.0
207,Tutoia,BR,2022-02-10 01:44:29,-2.7619,-42.2744,78.78,88,17,8.28
208,Pisco,PE,2022-02-10 01:40:59,-13.7,-76.2167,71.02,88,40,1.7
209,Ardino,BG,2022-02-10 01:44:30,41.5833,25.1333,32.43,87,9,5.14
210,Bogorodskoye,RU,2022-02-10 01:44:30,56.55,37.8833,20.86,96,94,6.69
211,Lerwick,GB,2022-02-10 01:34:33,60.1545,-1.1494,35.6,86,91,22.86
212,Nuuk,GL,2022-02-10 01:44:30,64.1835,-51.7216,21.81,93,100,5.75
213,Korla,CN,2022-02-10 01:40:49,41.7597,86.1469,26.83,47,100,3.4
214,Sao Gabriel Da Cachoeira,BR,2022-02-10 01:44:28,-0.1303,-67.0892,70.92,97,100,2.06
215,Marawi,PH,2022-02-10 01:44:31,7.9986,124.2928,69.66,84,100,4.29
216,Kaitangata,NZ,2022-02-10 01:40:35,-46.2817,169.8464,68.94,83,84,3.04
217,Asau,RO,2022-02-10 01:44:31,46.4333,26.4,29.32,89,26,6.89
218,Talnakh,RU,2022-02-10 01:42:04,69.4865,88.3972,-5.8,98,100,10.58
219,Abashiri,JP,2022-02-10 01:44:32,44.0213,144.2697,20.95,73,20,8.05
220,Suhbaatar,MN,2022-02-10 01:44:32,50.2314,106.2078,-1.1,86,100,3.6
221,Aguimes,ES,2022-02-10 01:44:32,27.9054,-15.4461,71.65,37,0,1.14
222,Severo-Kurilsk,RU,2022-02-10 01:41:55,50.6789,156.125,30.97,75,100,18.92
223,Domna,RU,2022-02-10 01:44:32,51.8971,113.1573,-14.64,84,40,0.0
224,Chokurdakh,RU,2022-02-10 01:41:34,70.6333,147.9167,-20.9,98,100,11.97
225,Fairbanks,US,2022-02-10 01:41:50,64.8378,-147.7164,-1.91,77,100,4.61
226,Salalah,OM,2022-02-10 01:41:25,17.0151,54.0924,69.89,21,0,12.66
227,Ahipara,NZ,2022-02-10 01:44:33,-35.1667,173.1667,79.63,68,100,11.9
228,Buala,SB,2022-02-10 01:44:33,-8.145,159.5921,83.23,80,89,10.45
229,Kahului,US,2022-02-10 01:41:26,20.8947,-156.47,82.42,61,40,12.66
230,Port Hawkesbury,CA,2022-02-10 01:41:31,45.6169,-61.3485,32.92,93,0,5.75
231,Burnsville,US,2022-02-10 01:43:29,44.7677,-93.2777,28.2,71,100,20.71
232,Lavrentiya,RU,2022-02-10 01:44:34,65.5833,-171.0,-24.12,94,21,7.92
233,Tombouctou,ML,2022-02-10 01:44:34,20.0,-3.0,62.1,15,0,13.15
234,Bud,US,2022-02-10 01:44:35,39.447,-86.1758,40.46,82,97,11.07
235,Tabou,CI,2022-02-10 01:41:01,4.423,-7.3528,78.51,87,12,5.82
236,Milos,GR,2022-02-10 01:44:35,36.75,24.4333,48.92,61,7,30.27
237,Nuevo Progreso,MX,2022-02-10 01:44:35,23.1667,-97.95,64.6,64,0,1.7
238,Nelson Bay,AU,2022-02-10 01:44:35,-32.7167,152.15,94.28,61,2,4.0
239,Lanigan,CA,2022-02-10 01:44:36,51.8501,-105.0344,33.69,93,100,8.52
240,Solnechnyy,RU,2022-02-10 01:40:44,50.7214,136.6319,9.14,88,98,2.64
241,Hualmay,PE,2022-02-10 01:41:30,-11.0964,-77.6139,70.03,82,48,6.71
242,Halifax,CA,2022-02-10 01:40:07,44.6453,-63.5724,35.47,87,76,8.01
243,Ranong,TH,2022-02-10 01:44:36,9.9658,98.6348,78.73,75,64,3.8
244,Misratah,LY,2022-02-10 01:42:27,32.3754,15.0925,55.31,60,1,8.7
245,Jabinyanah,TN,2022-02-10 01:44:37,35.035,10.9081,44.4,64,0,2.75
246,Abbeville,FR,2022-02-10 01:41:55,50.1,1.8333,46.94,87,99,5.12
247,Jalu,LY,2022-02-10 01:44:37,29.0331,21.5482,48.69,61,5,9.93
248,Peniche,PT,2022-02-10 01:43:41,39.3558,-9.3811,54.09,88,51,6.06
249,Paramonga,PE,2022-02-10 01:44:37,-10.6667,-77.8333,70.83,81,97,6.02
250,Havelock,US,2022-02-10 01:32:24,34.8791,-76.9013,47.95,87,0,5.75
251,Angoche,MZ,2022-02-10 01:44:38,-16.2325,39.9086,78.01,81,100,2.51
252,Tambopata,PE,2022-02-10 01:44:38,-12.7333,-69.1833,72.79,95,96,2.46
253,Nishihara,JP,2022-02-10 01:44:38,26.1842,127.7558,65.86,77,75,19.57
254,Korem,ET,2022-02-10 01:44:39,12.5058,39.5228,52.2,55,38,2.28
255,Sompeta,IN,2022-02-10 01:44:39,18.9333,84.6,70.68,69,11,3.67
256,Fomboni,KM,2022-02-10 01:43:33,-12.28,43.7425,82.35,74,100,14.52
257,Victor Harbor,AU,2022-02-10 01:35:44,-35.5667,138.6167,75.9,54,34,1.01
258,Pochutla,MX,2022-02-10 01:40:40,15.7432,-96.4661,77.85,77,40,3.2
259,Tasiilaq,GL,2022-02-10 01:41:22,65.6145,-37.6368,14.16,54,100,8.7
260,Raga,SS,2022-02-10 01:41:17,8.4596,25.678,68.85,23,7,4.38
261,Le Port,RE,2022-02-10 01:44:39,-20.9373,55.2919,73.4,81,51,4.43
262,Cancun,MX,2022-02-10 01:41:33,21.1743,-86.8466,71.53,88,40,4.61
263,Barrancabermeja,CO,2022-02-10 01:44:40,7.0653,-73.8547,74.3,90,44,1.14
264,Bolshoy Lug,RU,2022-02-10 01:44:40,52.0779,104.0919,-8.82,91,100,7.27
265,Itaberaba,BR,2022-02-10 01:44:40,-12.5275,-40.3069,73.74,84,63,3.62
266,Aksarka,RU,2022-02-10 01:44:41,66.5606,67.7975,1.35,97,94,9.24
267,Bambous Virieux,MU,2022-02-10 01:40:51,-20.3428,57.7575,73.22,77,95,5.7
268,Haines Junction,CA,2022-02-10 01:40:51,60.7522,-137.5108,28.11,92,14,6.31
269,Port Lincoln,AU,2022-02-10 01:35:38,-34.7333,135.8667,70.16,51,37,9.64
270,Andapa,MG,2022-02-10 01:44:41,-14.65,49.65,68.79,99,100,2.28
271,Liverpool,GB,2022-02-10 01:44:41,53.4106,-2.9779,42.75,80,100,12.66
272,Simbahan,PH,2022-02-10 01:44:42,6.3032,120.5836,81.34,78,91,9.82
273,Nabire,ID,2022-02-10 01:42:01,-3.3667,135.4833,79.16,89,100,4.07
274,Touros,BR,2022-02-10 01:37:58,-5.1989,-35.4608,81.5,71,78,8.81
275,Manokwari,ID,2022-02-10 01:44:42,-0.8667,134.0833,78.53,81,100,5.66
276,Tura,IN,2022-02-10 01:43:46,25.5198,90.2201,61.27,63,51,1.54
277,Dundee,GB,2022-02-10 01:44:42,56.5,-2.9667,34.54,91,0,17.27
278,Scarborough,GB,2022-02-10 01:44:05,54.2797,-0.4044,41.54,83,100,5.01
279,Pulandian,CN,2022-02-10 01:44:43,39.3953,121.9669,41.13,48,1,5.46
280,Puerto Escondido,MX,2022-02-10 01:44:43,15.85,-97.0667,79.63,69,0,0.0
281,Baykit,RU,2022-02-10 01:42:00,61.67,96.37,-13.52,97,95,1.83
282,Flinders,AU,2022-02-10 01:40:03,-34.5833,150.8552,90.81,57,35,5.01
283,San Quintin,MX,2022-02-10 01:44:43,30.4833,-115.95,61.48,49,0,3.96
284,Dingle,PH,2022-02-10 01:40:33,10.9995,122.6711,82.83,65,12,16.35
285,Balsas,BR,2022-02-10 01:44:44,-7.5325,-46.0356,74.35,89,33,3.33
286,Andrushivka,UA,2022-02-10 01:44:44,50.0229,29.0202,36.91,99,100,14.52
287,Bata,GQ,2022-02-10 01:44:44,1.8639,9.7658,78.66,100,40,0.0
288,Kailua,US,2022-02-10 01:44:45,21.4022,-157.7394,80.58,65,20,10.36
289,Nome,US,2022-02-10 01:44:45,64.5011,-165.4064,-9.33,64,75,6.91
290,Ilulissat,GL,2022-02-10 01:44:45,69.2167,-51.1,12.22,85,75,27.63
291,Cruzilia,BR,2022-02-10 01:44:45,-21.8386,-44.8083,61.2,90,100,4.68
292,Makakilo City,US,2022-02-10 01:40:33,21.3469,-158.0858,79.12,58,75,17.27
293,Sur,OM,2022-02-10 01:44:46,22.5667,59.5289,66.56,65,3,2.24
294,Vagur,FO,2022-02-10 01:44:46,61.4732,-6.8119,36.27,72,100,21.74
295,Nanortalik,GL,2022-02-10 01:40:09,60.1432,-45.2371,20.07,69,77,7.78
296,Peleduy,RU,2022-02-10 01:44:47,59.6289,112.7406,-11.25,94,100,3.56
297,Kandrian,PG,2022-02-10 01:44:47,-6.2167,149.55,86.58,65,96,5.84
298,Ilebo,CD,2022-02-10 01:44:47,-4.3167,20.5833,70.86,91,88,1.52
299,Bathsheba,BB,2022-02-10 01:44:47,13.2167,-59.5167,77.61,73,40,17.27
300,Gumia,IN,2022-02-10 01:44:48,23.7833,85.8167,67.6,62,99,2.24
301,Araouane,ML,2022-02-10 01:44:48,18.9048,-3.5265,63.5,13,3,12.59
302,Berezovyy,RU,2022-02-10 01:44:48,51.6667,135.7,10.6,88,100,1.5
303,Sisimiut,GL,2022-02-10 01:43:42,66.9395,-53.6735,-0.38,95,100,8.57
304,Poum,NC,2022-02-10 01:35:43,-20.2333,164.0167,81.21,86,95,29.51
305,Radovanu,RO,2022-02-10 01:44:49,44.2,26.5167,38.89,80,1,6.6
306,Sept-Iles,CA,2022-02-10 01:32:40,50.2001,-66.3821,29.05,88,75,11.01
307,Morondava,MG,2022-02-10 01:44:49,-20.2833,44.2833,76.6,83,59,6.62
308,Vernon,CA,2022-02-10 01:42:12,50.2581,-119.2691,43.12,78,100,1.14
309,Kiama,AU,2022-02-10 01:44:49,-34.6833,150.8667,91.0,57,29,5.99
310,Camacha,PT,2022-02-10 01:40:57,33.0833,-16.3333,62.02,88,0,6.91
311,Abalak,RU,2022-02-10 01:44:50,58.1286,68.5944,-7.28,97,7,7.23
312,Quesnel,CA,2022-02-10 01:44:50,52.9999,-122.5029,43.3,81,0,6.91
313,Longmont,US,2022-02-10 01:42:56,40.1672,-105.1019,46.87,62,40,5.75
314,San Patricio,US,2022-02-10 01:40:13,28.017,-97.5169,61.54,54,4,8.7
315,Boden,SE,2022-02-10 01:44:50,65.8252,21.6886,24.8,82,88,9.08
316,Tilichiki,RU,2022-02-10 01:44:51,60.4667,166.1,-6.84,75,5,5.44
317,Zarate,AR,2022-02-10 01:44:51,-34.0981,-59.0286,73.11,79,0,6.85
318,Sesheke,ZM,2022-02-10 01:44:51,-17.4759,24.2968,65.25,93,96,4.23
319,Vestmannaeyjar,IS,2022-02-10 01:42:40,63.4427,-20.2734,25.41,71,95,17.47
320,Katsina,NG,2022-02-10 01:44:52,12.9894,7.6006,63.86,10,21,11.41
321,Bahir Dar,ET,2022-02-10 01:44:52,11.5936,37.3908,63.73,57,37,2.28
322,Gat,IL,2022-02-10 01:44:52,31.61,34.7642,48.4,100,87,20.24
323,Bengkulu,ID,2022-02-10 01:39:20,-3.8004,102.2655,77.07,68,100,5.01
324,Altay,CN,2022-02-10 01:44:53,47.8667,88.1167,5.4,95,100,3.51
325,Gizo,SB,2022-02-10 01:42:35,-8.103,156.8419,83.05,76,81,11.12
326,Kampot,KH,2022-02-10 01:44:53,10.6167,104.1833,84.25,66,93,6.11
327,Sagada,PH,2022-02-10 01:44:53,17.084,120.8996,69.85,60,60,1.72
328,Orikum,AL,2022-02-10 01:44:54,40.3253,19.4714,49.93,61,0,5.68
329,Choctaw,US,2022-02-10 01:44:54,35.4976,-97.2689,59.95,27,0,8.05
330,Isangel,VU,2022-02-10 01:40:04,-19.55,169.2667,78.06,94,100,38.39
331,Ayagoz,KZ,2022-02-10 01:44:54,47.9714,80.4392,-2.27,98,100,6.85
332,Longyearbyen,SJ,2022-02-10 01:41:16,78.2186,15.6401,13.84,85,40,6.91
333,Rincon,US,2022-02-10 01:41:13,32.296,-81.2354,48.16,57,0,0.0
334,Diego De Almagro,CL,2022-02-10 01:44:55,-26.3667,-70.05,62.92,56,0,2.51
335,Alyangula,AU,2022-02-10 01:41:49,-13.8483,136.4192,84.07,84,40,12.66
336,Lufilufi,WS,2022-02-10 01:44:55,-13.8745,-171.5986,91.18,77,71,14.09
337,Pangnirtung,CA,2022-02-10 01:44:55,66.1451,-65.7125,-20.31,97,100,5.59
338,Campbellton,CA,2022-02-10 01:44:56,48.0075,-66.6727,30.65,97,100,2.19
339,Meulaboh,ID,2022-02-10 01:41:26,4.1363,96.1285,75.15,87,100,9.48
340,Sorland,NO,2022-02-10 01:42:26,67.667,12.6934,40.98,73,100,27.25
341,Dryden,CA,2022-02-10 01:44:56,49.7833,-92.7503,8.89,72,100,10.36
342,Souillac,MU,2022-02-10 01:44:56,-20.5167,57.5167,73.36,78,61,3.8
343,Port Hardy,CA,2022-02-10 01:41:48,50.6996,-127.4199,45.75,93,75,6.91
344,Saravan,AM,2022-02-10 01:44:57,39.7196,45.6483,27.25,78,35,7.2
345,Kingman,US,2022-02-10 01:44:57,35.1894,-114.053,65.68,13,0,17.27
346,Ankang,CN,2022-02-10 01:44:57,32.68,109.0172,47.66,54,7,2.46
347,Zeya,RU,2022-02-10 01:44:58,53.75,127.2667,6.31,64,96,3.4
348,Shache,CN,2022-02-10 01:44:58,38.4167,77.2406,26.69,54,95,4.76
349,Teknaf,BD,2022-02-10 01:42:04,20.8624,92.3058,67.03,41,0,5.08
350,Voyvozh,RU,2022-02-10 01:44:58,62.892,54.9635,17.2,91,100,12.62
351,Kimbe,PG,2022-02-10 01:44:59,-5.5502,150.1429,87.62,63,49,6.76
352,Vardo,NO,2022-02-10 01:44:59,70.3705,31.1107,29.21,77,100,19.55
353,Kinshasa,CD,2022-02-10 01:41:59,-4.3246,15.3215,80.92,88,20,1.14
354,Ambovombe,MG,2022-02-10 01:44:59,-25.1667,46.0833,74.26,90,60,5.77
355,Carlagan,PH,2022-02-10 01:45:00,14.975,122.0456,78.67,81,90,14.14
356,Shuyskoye,RU,2022-02-10 01:45:00,59.3736,41.0305,21.45,96,99,5.77
357,San Vicente,AR,2022-02-10 01:41:34,-26.6167,-54.1333,64.31,47,0,1.88
358,Yuncheng,CN,2022-02-10 01:41:00,35.0231,110.9928,38.82,51,100,4.03
359,Hargeysa,SO,2022-02-10 01:45:00,9.56,44.065,54.91,80,94,9.62
360,Suntar,RU,2022-02-10 01:45:01,62.1444,117.6319,-17.36,96,100,1.99
361,Woodburn,US,2022-02-10 01:45:01,45.1437,-122.8554,57.31,72,0,5.75
362,Saskylakh,RU,2022-02-10 01:40:08,71.9167,114.0833,-0.47,90,99,13.47
363,Pailon,BO,2022-02-10 01:45:01,-17.65,-62.75,77.9,50,49,5.06
364,Neiafu,TO,2022-02-10 01:45:02,-18.65,-173.9833,84.88,74,75,11.5
365,Zhicheng,CN,2022-02-10 01:45:02,30.2956,111.5047,40.41,81,99,1.52
366,Strezhevoy,RU,2022-02-10 01:45:03,60.7333,77.5889,-11.22,100,13,5.01
367,Mogadishu,SO,2022-02-10 01:45:03,2.0371,45.3438,75.7,79,91,19.55
368,Benguela,AO,2022-02-10 01:45:03,-12.5763,13.4055,76.77,70,100,1.1
369,Marzuq,YE,2022-02-10 01:45:04,14.4,46.4667,56.97,36,6,2.13
370,Ransang,PH,2022-02-10 01:45:04,8.9603,117.5828,84.13,63,98,7.83
371,Marystown,CA,2022-02-10 01:45:04,47.1666,-55.1483,35.85,100,60,7.0
372,At-Bashi,KG,2022-02-10 01:42:28,41.1702,75.8106,1.87,87,99,0.94
373,Kodinsk,RU,2022-02-10 01:45:05,58.6881,99.1844,-22.7,100,66,2.48
374,Porbandar,IN,2022-02-10 01:41:06,21.6422,69.6093,66.79,49,6,11.61
375,Cap Malheureux,MU,2022-02-10 01:45:05,-19.9842,57.6142,73.47,77,89,7.43
376,Yulara,AU,2022-02-10 01:45:05,-25.2406,130.9889,87.64,29,64,14.97
377,Falesti,MD,2022-02-10 01:45:06,47.5736,27.7092,39.47,80,100,5.3
378,Omboue,GA,2022-02-10 01:42:30,-1.5746,9.2618,78.62,89,100,5.75
379,La Libertad,EC,2022-02-10 01:45:06,-2.2333,-80.9,74.97,77,67,7.63
380,Rundu,NA,2022-02-10 01:45:06,-17.9333,19.7667,69.24,84,90,3.31
381,Bushehr,IR,2022-02-10 01:45:07,28.9684,50.8385,48.29,76,0,0.0
382,Grindavik,IS,2022-02-10 01:42:07,63.8424,-22.4338,23.47,68,0,5.75
383,Vigrestad,NO,2022-02-10 01:45:07,58.5667,5.7,42.01,73,100,21.39
384,Kaohsiung,TW,2022-02-10 01:45:07,22.6163,120.3133,67.95,82,40,9.22
385,Rocha,UY,2022-02-10 01:40:01,-34.4833,-54.3333,60.82,86,0,5.88
386,Luderitz,NA,2022-02-10 01:41:04,-26.6481,15.1594,73.49,52,80,16.73
387,Ovsyanka,RU,2022-02-10 01:45:08,55.9575,92.5519,-25.78,100,41,0.89
388,Sheltozero,RU,2022-02-10 01:45:08,61.3667,35.3667,27.45,94,100,10.92
389,Kangaatsiaq,GL,2022-02-10 01:45:08,68.3065,-53.4641,-11.27,98,96,13.94
390,Keller,US,2022-02-10 01:43:08,32.9346,-97.2517,61.05,34,0,3.0
391,Awjilah,LY,2022-02-10 01:45:09,29.1081,21.2869,48.79,61,4,9.91
392,Noumea,NC,2022-02-10 01:45:09,-22.2763,166.4572,85.98,99,100,18.54
393,Konstantinovskaya,RU,2022-02-10 01:45:09,44.0456,43.1583,32.29,80,100,7.07
394,Namibe,AO,2022-02-10 01:42:18,-15.1961,12.1522,72.1,84,99,7.52
395,Bakchar,RU,2022-02-10 01:45:10,57.0186,82.0711,-12.57,95,16,5.41
396,Beyneu,KZ,2022-02-10 01:45:10,45.3167,55.2,31.91,80,100,19.98
397,Kloulklubed,PW,2022-02-10 01:45:10,7.0419,134.2556,82.9,80,100,10.94
398,Abu Samrah,SY,2022-02-10 01:45:11,35.3029,37.1841,45.48,81,100,13.38
399,Markova,UA,2022-02-10 01:45:11,48.6758,24.4138,35.92,92,77,3.71
400,Adre,TD,2022-02-10 01:45:11,13.4667,22.2,59.9,16,0,13.96
401,Vallenar,CL,2022-02-10 01:41:58,-28.5708,-70.7581,66.4,70,0,4.0
402,Nhulunbuy,AU,2022-02-10 01:41:57,-12.2333,136.7667,88.41,70,75,12.66
403,Taoudenni,ML,2022-02-10 01:42:38,22.6783,-3.9836,63.12,22,1,12.01
404,Burnie,AU,2022-02-10 01:45:12,-41.0667,145.9167,71.94,40,1,9.98
405,Strathmore,CA,2022-02-10 01:45:12,51.0501,-113.3852,53.01,43,96,10.36
406,Broome,US,2022-02-10 01:45:12,42.2506,-75.833,43.38,62,100,6.91
407,Requena,ES,2022-02-10 01:42:03,39.4883,-1.1004,42.71,88,0,1.3
408,Churachandpur,IN,2022-02-10 01:45:13,24.3333,93.6667,43.88,53,2,0.96
409,Dabhol,IN,2022-02-10 01:45:13,17.6,73.1667,62.98,77,7,4.85
410,High Rock,BS,2022-02-10 01:45:13,26.6208,-78.2833,68.02,78,95,13.06
411,Klaksvik,FO,2022-02-10 01:40:41,62.2266,-6.589,32.92,61,100,20.42
412,Laguna,US,2022-02-10 01:41:02,38.421,-121.4238,73.53,52,0,5.75
413,Bonthe,SL,2022-02-10 01:45:14,7.5264,-12.505,76.24,90,0,0.83
414,Verkhnevilyuysk,RU,2022-02-10 01:45:14,63.4453,120.3167,-29.58,97,82,1.07
415,Sao Joao Da Barra,BR,2022-02-10 01:45:14,-21.6403,-41.0511,68.59,96,100,9.69
416,Katobu,ID,2022-02-10 01:45:15,-4.9408,122.5276,76.73,93,100,5.23
417,Auchi,NG,2022-02-10 01:45:15,7.0667,6.2667,72.0,79,49,4.25
418,Sakakah,SA,2022-02-10 01:42:31,29.9697,40.2064,53.17,61,0,13.35
419,Mabaruma,GY,2022-02-10 01:45:15,8.2,-59.7833,71.42,87,66,2.93
420,Pocone,BR,2022-02-10 01:45:16,-16.2567,-56.6228,71.51,95,93,4.59
421,Harpenden,GB,2022-02-10 01:45:16,51.8168,-0.3571,45.99,93,40,8.05
422,Tynda,RU,2022-02-10 01:45:16,55.1667,124.7167,-8.03,80,99,2.86
423,Loandjili,CG,2022-02-10 01:45:17,-4.7561,11.8578,77.11,94,75,3.44
424,Lida,BY,2022-02-10 01:45:17,53.8833,25.2997,37.45,83,47,15.41
425,Hovd,MN,2022-02-10 01:42:15,48.0056,91.6419,-7.69,93,99,2.91
426,Keetmanshoop,NA,2022-02-10 01:45:17,-26.5833,18.1333,79.23,26,78,10.16
427,Lorengau,PG,2022-02-10 01:40:50,-2.0226,147.2712,85.15,71,61,7.7
428,Westport,US,2022-02-10 01:40:28,41.1415,-73.3579,38.98,84,0,0.0
429,Miracema Do Tocantins,BR,2022-02-10 01:45:18,-9.5618,-48.3967,74.35,92,100,1.59
430,Havre-Saint-Pierre,CA,2022-02-10 01:39:57,50.2334,-63.5986,30.2,93,100,6.91
431,Kavieng,PG,2022-02-10 01:41:39,-2.5744,150.7967,84.38,71,30,5.53
432,Vilhena,BR,2022-02-10 01:45:18,-12.7406,-60.1458,67.69,98,100,2.33
433,Maneadero,MX,2022-02-10 01:43:26,31.7167,-116.5667,67.1,58,0,3.33
434,Lensk,RU,2022-02-10 01:45:19,60.7253,114.9278,-9.08,94,100,5.01
435,Preobrazheniye,RU,2022-02-10 01:45:19,42.9019,133.9064,30.92,60,67,1.97
436,Kavaratti,IN,2022-02-10 01:41:20,10.5669,72.642,79.93,72,100,15.66
437,Gornopravdinsk,RU,2022-02-10 01:45:20,60.05,69.9,-3.8,95,6,7.29
438,Mudgee,AU,2022-02-10 01:45:20,-32.5943,149.5871,86.79,28,40,9.22
439,Praia,CV,2022-02-10 01:45:20,14.9215,-23.5087,73.94,56,0,9.22
440,Cherskiy,RU,2022-02-10 01:40:56,68.75,161.3,-38.7,98,90,4.85
441,Butterworth,MY,2022-02-10 01:45:20,5.3991,100.3638,82.44,90,40,0.0
442,Viedma,AR,2022-02-10 01:39:31,-40.8135,-62.9967,79.75,42,100,5.21
443,Amahai,ID,2022-02-10 01:45:21,-3.3333,128.9167,82.62,71,100,0.56
444,Lashio,MM,2022-02-10 01:45:21,22.9333,97.75,56.82,51,4,0.43
445,Villa Maria,AR,2022-02-10 01:45:22,-32.4075,-63.2402,69.82,71,5,9.04
446,Rodez,FR,2022-02-10 01:45:22,44.5,2.5833,40.03,93,0,3.44
447,Bantogon,PH,2022-02-10 01:45:22,6.5333,124.0333,82.45,65,87,2.19
448,Mitsamiouli,KM,2022-02-10 01:45:22,-11.3847,43.2844,81.16,75,88,9.66
449,Wagar,SD,2022-02-10 01:45:23,16.1525,36.2032,71.56,71,0,7.99
450,Sistranda,NO,2022-02-10 01:41:09,63.7256,8.834,39.9,61,100,33.44
451,Wanaka,NZ,2022-02-10 01:45:23,-44.7,169.15,80.11,41,2,7.0
452,Humaita,BR,2022-02-10 01:44:55,-7.5061,-63.0208,73.96,92,100,2.39
453,Zaysan,KZ,2022-02-10 01:45:23,47.4667,84.8667,5.88,97,100,1.54
454,Zhanaozen,KZ,2022-02-10 01:45:24,43.3,52.8,35.6,67,1,14.45
455,Weston,US,2022-02-10 01:45:24,26.1004,-80.3998,64.42,92,75,3.44
456,Manzhouli,CN,2022-02-10 01:45:25,49.6,117.4333,3.29,89,100,4.14
457,La Massana,AD,2022-02-10 01:45:25,42.5667,1.4833,34.54,57,1,0.89
458,La Asuncion,VE,2022-02-10 01:45:25,11.0333,-63.8628,78.53,73,11,9.22
459,Ust-Maya,RU,2022-02-10 01:41:35,60.4167,134.5333,-12.33,89,99,4.14
460,Viransehir,TR,2022-02-10 01:45:26,37.2353,39.7631,45.48,81,100,8.77
461,Prince George,CA,2022-02-10 01:40:27,53.9166,-122.753,42.62,86,0,18.41
462,Big Spring,US,2022-02-10 01:45:26,32.2504,-101.4787,58.48,23,0,6.91
463,San Roque,ES,2022-02-10 01:41:13,36.2107,-5.3842,58.03,72,40,23.02
464,Akyab,MM,2022-02-10 01:41:30,20.15,92.9,66.38,41,3,7.2
465,Monki,PL,2022-02-10 01:45:26,53.405,22.7979,41.68,85,100,13.76
466,Ostrovnoy,RU,2022-02-10 01:45:27,68.0531,39.5131,23.5,87,100,21.88
467,Constantine,DZ,2022-02-10 01:45:27,36.365,6.6147,36.81,60,0,2.3
468,George,ZA,2022-02-10 01:40:48,-33.963,22.4617,67.55,83,100,4.61
469,Kuah,MY,2022-02-10 01:45:27,6.3265,99.8432,80.58,78,20,2.3
470,Hamilton,US,2022-02-10 01:40:30,39.1834,-84.5333,45.23,60,100,10.36
471,Raposos,BR,2022-02-10 01:45:28,-19.9672,-43.8042,69.4,97,100,3.06
472,Lagos,NG,2022-02-10 01:45:28,6.5833,3.75,82.72,95,1,1.54
473,Koratla,IN,2022-02-10 01:45:29,18.8167,78.7167,68.0,73,35,4.36
474,Kushima,JP,2022-02-10 01:41:17,31.4583,131.2333,47.71,68,72,5.68
475,Sao Gabriel,BR,2022-02-10 01:45:29,-30.3364,-54.32,68.45,58,0,15.41
476,La Rioja,ES,2022-02-10 01:45:29,42.25,-2.5,35.04,56,0,4.94
477,Bumba,CD,2022-02-10 01:45:29,2.1833,22.4667,75.04,34,100,1.43
478,Buchanan,LR,2022-02-10 01:45:30,5.8808,-10.0467,77.95,87,9,2.55
479,Esna,EG,2022-02-10 01:45:30,25.2934,32.554,53.62,42,0,16.33
480,Chake Chake,TZ,2022-02-10 01:42:02,-5.2459,39.7666,78.26,79,59,9.6
481,Mahina,PF,2022-02-10 01:45:30,-17.5065,-149.489,85.77,66,40,9.22
482,Yermekeyevo,RU,2022-02-10 01:45:31,54.0761,53.6712,16.36,91,100,15.23
483,Ayia Galini,GR,2022-02-10 01:45:31,35.1,24.6833,53.19,69,37,16.64
484,Kaeo,NZ,2022-02-10 01:37:47,-35.1,173.7833,77.32,85,100,9.24
485,Dwarka,IN,2022-02-10 01:40:41,22.2394,68.9678,68.59,48,5,13.31
486,Muroto,JP,2022-02-10 01:43:36,33.2833,134.15,44.64,84,100,6.73
487,Palmer,US,2022-02-10 01:41:04,42.1584,-72.3287,35.2,70,40,6.91
488,Olafsvik,IS,2022-02-10 01:45:32,64.8945,-23.7142,26.6,58,46,9.51
489,Dongsheng,CN,2022-02-10 01:45:32,39.8161,109.9776,22.51,49,89,10.45
490,Cabedelo,BR,2022-02-10 01:45:32,-6.9811,-34.8339,79.47,71,100,10.69
491,Bana,CM,2022-02-10 01:45:32,5.1481,10.2762,61.02,69,100,2.71
492,Necochea,AR,2022-02-10 01:41:09,-38.5473,-58.7368,69.04,65,0,10.69
493,Ndele,CF,2022-02-10 01:41:22,8.4109,20.6473,68.47,18,19,5.01
494,Bayshore Gardens,US,2022-02-10 01:45:33,27.4253,-82.5904,55.98,69,0,5.75
495,Agdam,AZ,2022-02-10 01:45:33,39.991,46.9274,46.76,41,7,6.08
496,Howard Springs,AU,2022-02-10 01:45:33,-12.497,131.047,90.88,74,48,6.24
497,Okha,RU,2022-02-10 01:45:34,53.5739,142.9478,16.86,94,100,12.77
498,Broken Hill,AU,2022-02-10 01:45:34,-31.95,141.4333,74.91,41,9,19.57
499,Oeiras Do Para,BR,2022-02-10 01:45:35,-2.0031,-49.8544,73.85,98,25,3.44
500,Cam Ranh,VN,2022-02-10 01:45:36,11.9214,109.1591,78.76,83,20,10.36
501,Halmaj,HU,2022-02-10 01:45:36,48.25,21.0,36.46,92,3,2.35
502,Matay,EG,2022-02-10 01:45:36,28.419,30.7792,47.3,63,3,7.85
503,Eureka,US,2022-02-10 01:41:28,40.8021,-124.1637,67.12,69,0,1.99
504,Thurso,GB,2022-02-10 01:45:34,58.5927,-3.5259,35.55,71,97,21.85
505,Ha Tinh,VN,2022-02-10 01:42:34,18.3333,105.9,65.91,89,100,4.56
506,Vanimo,PG,2022-02-10 01:42:03,-2.6741,141.3028,84.87,69,31,2.55
507,Lasa,IT,2022-02-10 01:42:04,46.6166,10.7002,49.46,34,29,3.33
508,Arroio Grande,BR,2022-02-10 01:45:37,-32.2375,-53.0869,61.65,81,0,6.53
509,Pemba,MZ,2022-02-10 01:45:37,-12.974,40.5178,77.7,88,20,5.75
510,Adrar,MR,2022-02-10 01:45:24,20.5022,-10.0711,62.29,15,8,12.15
511,Waingapu,ID,2022-02-10 01:42:38,-9.6567,120.2641,83.59,73,100,4.9
512,Karratha,AU,2022-02-10 01:40:47,-20.7377,116.8463,88.05,61,6,16.04
513,Novikovo,RU,2022-02-10 01:45:38,51.1537,37.8879,30.67,84,93,12.08
514,Tevaitoa,PF,2022-02-10 01:45:38,-16.7833,-151.5,81.09,77,100,15.03
515,Vila Velha,BR,2022-02-10 01:42:41,-20.3297,-40.2925,75.15,86,75,8.01
516,Juegang,CN,2022-02-10 01:45:39,32.3174,121.1855,41.22,67,7,4.72
517,Kichmengskiy Gorodok,RU,2022-02-10 01:45:39,59.9816,45.7854,22.12,95,100,7.23
518,Shimoda,JP,2022-02-10 01:41:26,34.6667,138.95,41.36,96,100,22.01
519,San Francisco,US,2022-02-10 01:43:57,37.7749,-122.4194,69.78,47,40,6.91
520,Yaring,TH,2022-02-10 01:45:40,6.8662,101.3689,79.29,75,98,8.95
521,Bacalar,MX,2022-02-10 01:45:40,18.6667,-88.3833,68.29,86,16,4.05
522,Bay Roberts,CA,2022-02-10 01:45:40,47.5999,-53.2648,35.33,84,25,11.99
523,Rawson,AR,2022-02-10 01:41:13,-43.3002,-65.1023,64.53,85,100,8.99
524,Nkhata Bay,MW,2022-02-10 01:45:41,-11.6066,34.2907,72.52,86,100,2.98
525,Bundaberg,AU,2022-02-10 01:43:49,-24.85,152.35,88.21,48,40,10.36
526,Alice Springs,AU,2022-02-10 01:41:40,-23.7,133.8833,83.75,32,2,11.5
527,Kalininsk,RU,2022-02-10 01:45:41,51.5,44.4758,25.88,97,99,7.63
528,Malanje,AO,2022-02-10 01:45:42,-9.5402,16.341,59.79,98,33,3.87
529,Vostok,RU,2022-02-10 01:45:42,46.4856,135.8833,18.18,73,29,1.19
530,Amelia,IT,2022-02-10 01:45:42,42.5523,12.4182,46.92,86,0,2.84
531,Cabra,ES,2022-02-10 01:45:42,37.4725,-4.4421,48.9,82,0,3.91
532,Puerto Baquerizo Moreno,EC,2022-02-10 01:45:43,-0.9,-89.6,73.98,82,97,8.03
533,Adoni,IN,2022-02-10 01:45:43,15.6333,77.2833,66.36,70,17,3.91
534,Gigmoto,PH,2022-02-10 01:45:43,13.7796,124.39,80.96,71,100,14.7
535,Garowe,SO,2022-02-10 01:45:44,8.4054,48.4845,62.67,84,0,7.83
536,Newport,GB,2022-02-10 01:41:13,51.5877,-2.9984,45.86,85,100,5.35
537,Roald,NO,2022-02-10 01:43:36,62.5833,6.1333,37.9,93,100,13.8
538,Sao Joao Evangelista,BR,2022-02-10 01:45:44,-18.5478,-42.7633,67.64,99,100,5.26
539,Leningradskiy,RU,2022-02-10 01:40:10,69.3833,178.4167,-28.79,97,83,6.26
540,Teguise,ES,2022-02-10 01:45:45,29.0605,-13.564,70.02,38,95,3.44
541,Linxia,CN,2022-02-10 01:45:45,35.6003,103.2064,20.79,86,100,1.83
542,Asilah,MA,2022-02-10 01:45:45,35.465,-6.0348,58.86,84,0,10.69
543,Chadan,RU,2022-02-10 01:45:46,51.2833,91.5833,-11.34,98,99,1.54
